-- ============================================
-- E-commerce Sales Analysis Database (PostgreSQL)
-- ============================================

DROP TABLE IF EXISTS order_items;
DROP TABLE IF EXISTS orders;
DROP TABLE IF EXISTS customers;
DROP TABLE IF EXISTS products;

CREATE TABLE customers (
    customer_id INTEGER PRIMARY KEY,
    name TEXT,
    city TEXT,
    signup_date DATE
);

CREATE TABLE products (
    product_id INTEGER PRIMARY KEY,
    product_name TEXT,
    category TEXT,
    price NUMERIC(10,2)
);

CREATE TABLE orders (
    order_id INTEGER PRIMARY KEY,
    customer_id INTEGER REFERENCES customers(customer_id),
    order_date DATE,
    status TEXT
);

CREATE TABLE order_items (
    item_id INTEGER PRIMARY KEY,
    order_id INTEGER REFERENCES orders(order_id),
    product_id INTEGER REFERENCES products(product_id),
    quantity INTEGER
);

INSERT INTO customers (customer_id, name, city, signup_date) VALUES
(1, 'Ivan Kovalenko', 'Vinnytsia', '2024-05-20'),
(2, 'Andriy Tkachenko', 'Lviv', '2025-01-12'),
(3, 'Ivan Shevchenko', 'Dnipro', '2024-08-04'),
(4, 'Olena Kovalenko', 'Kyiv', '2024-04-21'),
(5, 'Andriy Kovalenko', 'Dnipro', '2024-04-11'),
(6, 'Yulia Polishchuk', 'Lviv', '2024-08-17'),
(7, 'Oleh Kravets', 'Kyiv', '2025-01-23'),
(8, 'Maria Polishchuk', 'Odesa', '2024-05-22'),
(9, 'Maria Tkachenko', 'Odesa', '2024-02-22'),
(10, 'Ivan Polishchuk', 'Kyiv', '2024-07-02'),
(11, 'Dmytro Kravets', 'Kyiv', '2025-01-08'),
(12, 'Maksym Shevchenko', 'Kharkiv', '2024-02-10'),
(13, 'Yulia Kravets', 'Vinnytsia', '2024-11-12'),
(14, 'Dmytro Tkachenko', 'Vinnytsia', '2024-02-05'),
(15, 'Olena Tkachenko', 'Odesa', '2024-02-10'),
(16, 'Andriy Shevchenko', 'Kharkiv', '2024-05-22'),
(17, 'Maksym Melnyk', 'Lviv', '2024-07-08'),
(18, 'Dmytro Tkachenko', 'Vinnytsia', '2024-05-16'),
(19, 'Ivan Bondarenko', 'Dnipro', '2025-01-08'),
(20, 'Andriy Bondarenko', 'Kharkiv', '2024-07-13'),
(21, 'Sofia Tkachenko', 'Vinnytsia', '2024-06-15'),
(22, 'Olena Tkachenko', 'Kyiv', '2025-02-16'),
(23, 'Dmytro Polishchuk', 'Odesa', '2024-02-03'),
(24, 'Andriy Melnyk', 'Lviv', '2024-12-01'),
(25, 'Maksym Polishchuk', 'Vinnytsia', '2024-08-22'),
(26, 'Maria Kravets', 'Lviv', '2024-05-06'),
(27, 'Yulia Kravets', 'Vinnytsia', '2024-10-26'),
(28, 'Natalia Polishchuk', 'Odesa', '2024-04-22'),
(29, 'Maria Hrytsenko', 'Kyiv', '2025-01-21'),
(30, 'Olena Shevchenko', 'Lviv', '2024-11-17'),
(31, 'Maria Polishchuk', 'Dnipro', '2024-02-02'),
(32, 'Natalia Polishchuk', 'Dnipro', '2024-08-27'),
(33, 'Yulia Kravets', 'Dnipro', '2025-03-16'),
(34, 'Olena Shevchenko', 'Vinnytsia', '2025-03-29'),
(35, 'Yulia Kravets', 'Vinnytsia', '2024-06-23'),
(36, 'Ivan Kravets', 'Kharkiv', '2024-03-21'),
(37, 'Maksym Kovalenko', 'Vinnytsia', '2025-03-24'),
(38, 'Sofia Bondarenko', 'Dnipro', '2025-04-12'),
(39, 'Ivan Kravets', 'Vinnytsia', '2024-09-16'),
(40, 'Oleh Tkachenko', 'Lviv', '2024-07-10'),
(41, 'Maria Kovalenko', 'Dnipro', '2024-06-14'),
(42, 'Maksym Kovalenko', 'Kyiv', '2025-04-20'),
(43, 'Dmytro Kravets', 'Lviv', '2024-01-30'),
(44, 'Andriy Shevchenko', 'Kyiv', '2025-01-09'),
(45, 'Maksym Shevchenko', 'Dnipro', '2025-01-27'),
(46, 'Maria Bondarenko', 'Vinnytsia', '2024-08-31'),
(47, 'Yulia Bondarenko', 'Odesa', '2024-09-27'),
(48, 'Oleh Polishchuk', 'Lviv', '2025-04-20'),
(49, 'Yulia Tkachenko', 'Vinnytsia', '2024-06-08'),
(50, 'Natalia Melnyk', 'Kharkiv', '2025-04-05'),
(51, 'Yulia Hrytsenko', 'Kyiv', '2024-05-06'),
(52, 'Andriy Shevchenko', 'Odesa', '2024-01-11'),
(53, 'Oleh Tkachenko', 'Dnipro', '2024-04-22'),
(54, 'Olena Shevchenko', 'Vinnytsia', '2024-11-19'),
(55, 'Olena Tkachenko', 'Kyiv', '2025-04-08'),
(56, 'Olena Melnyk', 'Kyiv', '2024-09-20'),
(57, 'Andriy Kravets', 'Vinnytsia', '2024-09-05'),
(58, 'Andriy Bondarenko', 'Vinnytsia', '2025-04-23'),
(59, 'Oleh Hrytsenko', 'Lviv', '2025-02-05'),
(60, 'Maksym Polishchuk', 'Lviv', '2024-02-18'),
(61, 'Ivan Polishchuk', 'Odesa', '2024-08-04'),
(62, 'Natalia Hrytsenko', 'Vinnytsia', '2024-01-28'),
(63, 'Ivan Kovalenko', 'Kharkiv', '2025-01-07'),
(64, 'Dmytro Shevchenko', 'Lviv', '2024-04-08'),
(65, 'Andriy Hrytsenko', 'Lviv', '2024-08-04'),
(66, 'Maria Kravets', 'Kharkiv', '2024-05-07'),
(67, 'Ivan Hrytsenko', 'Dnipro', '2024-02-20'),
(68, 'Olena Kovalenko', 'Kyiv', '2025-04-19'),
(69, 'Andriy Bondarenko', 'Kharkiv', '2024-09-05'),
(70, 'Maksym Tkachenko', 'Kharkiv', '2025-04-07'),
(71, 'Olena Bondarenko', 'Kharkiv', '2024-01-02'),
(72, 'Natalia Kravets', 'Kharkiv', '2024-05-26'),
(73, 'Natalia Hrytsenko', 'Lviv', '2024-04-07'),
(74, 'Sofia Tkachenko', 'Kyiv', '2024-10-23'),
(75, 'Yulia Kovalenko', 'Vinnytsia', '2024-06-09'),
(76, 'Olena Kovalenko', 'Dnipro', '2024-09-01'),
(77, 'Yulia Bondarenko', 'Kyiv', '2025-05-06'),
(78, 'Yulia Shevchenko', 'Lviv', '2024-02-05'),
(79, 'Oleh Shevchenko', 'Vinnytsia', '2025-03-17'),
(80, 'Andriy Polishchuk', 'Kyiv', '2025-04-27'),
(81, 'Oleh Tkachenko', 'Dnipro', '2024-10-31'),
(82, 'Olena Shevchenko', 'Kharkiv', '2024-12-02'),
(83, 'Oleh Melnyk', 'Odesa', '2024-04-14'),
(84, 'Dmytro Tkachenko', 'Odesa', '2024-07-21'),
(85, 'Maria Kravets', 'Kharkiv', '2024-06-10'),
(86, 'Ivan Kovalenko', 'Kharkiv', '2024-11-14'),
(87, 'Oleh Shevchenko', 'Kyiv', '2024-10-02'),
(88, 'Andriy Kravets', 'Lviv', '2025-04-22'),
(89, 'Dmytro Shevchenko', 'Lviv', '2024-07-08'),
(90, 'Sofia Bondarenko', 'Kharkiv', '2025-03-02'),
(91, 'Yulia Kravets', 'Dnipro', '2025-02-17'),
(92, 'Yulia Kovalenko', 'Vinnytsia', '2025-02-22'),
(93, 'Yulia Kravets', 'Vinnytsia', '2024-02-23'),
(94, 'Maria Kravets', 'Kyiv', '2025-03-31'),
(95, 'Ivan Bondarenko', 'Odesa', '2024-05-24'),
(96, 'Oleh Tkachenko', 'Vinnytsia', '2024-06-24'),
(97, 'Andriy Kravets', 'Dnipro', '2024-09-07'),
(98, 'Sofia Kovalenko', 'Kyiv', '2024-11-20'),
(99, 'Natalia Kravets', 'Kyiv', '2024-01-02'),
(100, 'Dmytro Bondarenko', 'Vinnytsia', '2024-05-14'),
(101, 'Maria Hrytsenko', 'Dnipro', '2024-12-27'),
(102, 'Natalia Kovalenko', 'Kyiv', '2024-02-08'),
(103, 'Maria Kovalenko', 'Odesa', '2024-10-25'),
(104, 'Yulia Bondarenko', 'Kharkiv', '2024-03-06'),
(105, 'Olena Kravets', 'Odesa', '2025-04-05'),
(106, 'Olena Melnyk', 'Lviv', '2024-12-15'),
(107, 'Andriy Shevchenko', 'Odesa', '2025-02-03'),
(108, 'Yulia Polishchuk', 'Dnipro', '2025-01-18'),
(109, 'Maria Tkachenko', 'Lviv', '2025-05-14'),
(110, 'Maria Polishchuk', 'Kyiv', '2024-04-01'),
(111, 'Dmytro Polishchuk', 'Vinnytsia', '2025-03-18'),
(112, 'Andriy Kravets', 'Lviv', '2025-02-07'),
(113, 'Ivan Polishchuk', 'Kyiv', '2025-03-15'),
(114, 'Maksym Tkachenko', 'Lviv', '2025-02-22'),
(115, 'Maksym Melnyk', 'Odesa', '2025-02-24'),
(116, 'Andriy Tkachenko', 'Kyiv', '2024-12-03'),
(117, 'Andriy Polishchuk', 'Odesa', '2024-05-22'),
(118, 'Ivan Kravets', 'Odesa', '2024-11-24'),
(119, 'Yulia Polishchuk', 'Vinnytsia', '2025-03-07'),
(120, 'Yulia Melnyk', 'Kyiv', '2024-02-29'),
(121, 'Sofia Bondarenko', 'Dnipro', '2025-05-07'),
(122, 'Sofia Kovalenko', 'Kyiv', '2024-11-01'),
(123, 'Natalia Melnyk', 'Vinnytsia', '2025-02-06'),
(124, 'Dmytro Polishchuk', 'Dnipro', '2024-09-18'),
(125, 'Ivan Polishchuk', 'Dnipro', '2024-04-07'),
(126, 'Sofia Kovalenko', 'Vinnytsia', '2024-08-11'),
(127, 'Olena Tkachenko', 'Odesa', '2024-08-08'),
(128, 'Ivan Melnyk', 'Dnipro', '2024-06-09'),
(129, 'Ivan Kravets', 'Dnipro', '2024-06-07'),
(130, 'Natalia Melnyk', 'Kharkiv', '2024-12-22'),
(131, 'Sofia Bondarenko', 'Lviv', '2024-08-03'),
(132, 'Natalia Bondarenko', 'Dnipro', '2024-10-18'),
(133, 'Sofia Polishchuk', 'Dnipro', '2025-03-02'),
(134, 'Olena Kravets', 'Odesa', '2024-04-17'),
(135, 'Natalia Melnyk', 'Kharkiv', '2024-08-14'),
(136, 'Maksym Tkachenko', 'Dnipro', '2024-08-30'),
(137, 'Maria Shevchenko', 'Odesa', '2024-09-20'),
(138, 'Oleh Melnyk', 'Kyiv', '2025-02-23'),
(139, 'Andriy Kravets', 'Lviv', '2025-02-16'),
(140, 'Andriy Bondarenko', 'Kyiv', '2024-01-24'),
(141, 'Andriy Hrytsenko', 'Dnipro', '2025-03-11'),
(142, 'Ivan Hrytsenko', 'Kharkiv', '2025-03-29'),
(143, 'Oleh Tkachenko', 'Vinnytsia', '2024-12-22'),
(144, 'Natalia Hrytsenko', 'Kharkiv', '2024-05-04'),
(145, 'Maria Kovalenko', 'Kyiv', '2025-02-02'),
(146, 'Natalia Tkachenko', 'Lviv', '2025-02-15'),
(147, 'Yulia Hrytsenko', 'Kyiv', '2024-10-12'),
(148, 'Andriy Shevchenko', 'Kharkiv', '2024-03-09'),
(149, 'Maksym Melnyk', 'Kharkiv', '2024-11-09'),
(150, 'Yulia Polishchuk', 'Dnipro', '2024-08-16'),
(151, 'Maria Hrytsenko', 'Kharkiv', '2024-05-12'),
(152, 'Andriy Kravets', 'Dnipro', '2024-09-05'),
(153, 'Andriy Kravets', 'Kharkiv', '2024-02-09'),
(154, 'Sofia Tkachenko', 'Odesa', '2024-06-20'),
(155, 'Dmytro Shevchenko', 'Lviv', '2024-03-18'),
(156, 'Andriy Polishchuk', 'Vinnytsia', '2024-03-19'),
(157, 'Andriy Shevchenko', 'Kharkiv', '2024-07-27'),
(158, 'Dmytro Hrytsenko', 'Kharkiv', '2024-02-01'),
(159, 'Andriy Polishchuk', 'Kharkiv', '2025-04-08'),
(160, 'Oleh Kovalenko', 'Dnipro', '2024-07-13'),
(161, 'Maksym Kovalenko', 'Odesa', '2024-06-01'),
(162, 'Natalia Polishchuk', 'Dnipro', '2025-01-17'),
(163, 'Yulia Tkachenko', 'Kharkiv', '2024-04-22'),
(164, 'Sofia Polishchuk', 'Kharkiv', '2024-01-15'),
(165, 'Natalia Melnyk', 'Vinnytsia', '2024-12-13'),
(166, 'Natalia Bondarenko', 'Kharkiv', '2025-04-15'),
(167, 'Maria Kovalenko', 'Kharkiv', '2024-10-30'),
(168, 'Oleh Kovalenko', 'Kyiv', '2024-11-25'),
(169, 'Natalia Bondarenko', 'Kharkiv', '2024-04-03'),
(170, 'Olena Kravets', 'Kharkiv', '2024-06-16'),
(171, 'Andriy Hrytsenko', 'Odesa', '2024-06-21'),
(172, 'Natalia Kravets', 'Kharkiv', '2024-05-09'),
(173, 'Ivan Hrytsenko', 'Kyiv', '2025-01-18'),
(174, 'Yulia Kovalenko', 'Odesa', '2024-04-24'),
(175, 'Ivan Kovalenko', 'Kyiv', '2025-05-01'),
(176, 'Andriy Tkachenko', 'Kyiv', '2024-11-14'),
(177, 'Maria Tkachenko', 'Lviv', '2024-08-30'),
(178, 'Ivan Tkachenko', 'Kharkiv', '2024-12-24'),
(179, 'Sofia Melnyk', 'Lviv', '2024-11-06'),
(180, 'Oleh Shevchenko', 'Lviv', '2025-05-08'),
(181, 'Sofia Shevchenko', 'Dnipro', '2024-01-14'),
(182, 'Sofia Polishchuk', 'Kharkiv', '2025-04-27'),
(183, 'Andriy Shevchenko', 'Dnipro', '2024-12-19'),
(184, 'Andriy Shevchenko', 'Vinnytsia', '2025-01-30'),
(185, 'Sofia Shevchenko', 'Dnipro', '2025-02-04'),
(186, 'Olena Melnyk', 'Dnipro', '2024-08-07'),
(187, 'Dmytro Shevchenko', 'Dnipro', '2024-11-27'),
(188, 'Dmytro Kovalenko', 'Kharkiv', '2025-02-25'),
(189, 'Maksym Shevchenko', 'Kharkiv', '2025-05-06'),
(190, 'Dmytro Hrytsenko', 'Vinnytsia', '2024-03-19'),
(191, 'Natalia Bondarenko', 'Vinnytsia', '2024-09-24'),
(192, 'Sofia Hrytsenko', 'Kharkiv', '2024-08-11'),
(193, 'Oleh Kravets', 'Odesa', '2025-03-12'),
(194, 'Andriy Shevchenko', 'Odesa', '2025-03-27'),
(195, 'Maksym Tkachenko', 'Kharkiv', '2024-10-18'),
(196, 'Oleh Polishchuk', 'Odesa', '2024-01-15'),
(197, 'Maksym Melnyk', 'Lviv', '2024-09-06'),
(198, 'Andriy Melnyk', 'Odesa', '2024-06-23'),
(199, 'Sofia Kravets', 'Dnipro', '2024-01-06'),
(200, 'Yulia Tkachenko', 'Kyiv', '2024-05-03');

INSERT INTO products (product_id, product_name, category, price) VALUES
(1, 'Headphones', 'Electronics', 28.45),
(2, 'Power Bank', 'Electronics', 20.91),
(3, 'Smart Watch', 'Electronics', 69.2),
(4, 'Speaker', 'Electronics', 39.42),
(5, 'T-Shirt', 'Clothing', 13.3),
(6, 'Hoodie', 'Clothing', 31.39),
(7, 'Sneakers', 'Clothing', 64.19),
(8, 'Jacket', 'Clothing', 62.11),
(9, 'Blanket', 'Home', 16.9),
(10, 'Candle', 'Home', 9.01),
(11, 'Bedding Set', 'Home', 24.31),
(12, 'Vase', 'Home', 16.24),
(13, 'Face Cream', 'Beauty', 22.86),
(14, 'Perfume', 'Beauty', 47.81),
(15, 'Makeup Set', 'Beauty', 38.77);

INSERT INTO orders (order_id, customer_id, order_date, status) VALUES
(1, 1, '2025-02-21', 'completed'),
(2, 1, '2024-11-25', 'completed'),
(3, 2, '2025-01-26', 'cancelled'),
(4, 2, '2025-05-21', 'completed'),
(5, 3, '2025-02-08', 'completed'),
(6, 6, '2025-04-28', 'completed'),
(7, 6, '2025-06-17', 'returned'),
(8, 7, '2025-04-16', 'completed'),
(9, 7, '2025-01-25', 'completed'),
(10, 8, '2025-01-16', 'completed'),
(11, 8, '2024-10-21', 'completed'),
(12, 8, '2025-03-13', 'completed'),
(13, 8, '2025-03-29', 'completed'),
(14, 10, '2024-10-03', 'completed'),
(15, 10, '2025-04-03', 'returned'),
(16, 12, '2025-06-27', 'completed'),
(17, 12, '2025-04-06', 'completed'),
(18, 12, '2024-05-10', 'completed'),
(19, 12, '2025-05-28', 'completed'),
(20, 12, '2025-02-14', 'returned'),
(21, 12, '2024-11-30', 'completed'),
(22, 12, '2024-10-12', 'completed'),
(23, 12, '2024-06-05', 'completed'),
(24, 14, '2025-06-02', 'completed'),
(25, 14, '2024-04-16', 'completed'),
(26, 15, '2025-06-25', 'completed'),
(27, 15, '2025-01-04', 'completed'),
(28, 15, '2024-03-25', 'completed'),
(29, 15, '2024-03-18', 'completed'),
(30, 17, '2024-09-22', 'completed'),
(31, 17, '2025-06-09', 'cancelled'),
(32, 17, '2025-03-05', 'completed'),
(33, 17, '2024-10-18', 'completed'),
(34, 17, '2025-06-05', 'completed'),
(35, 18, '2024-11-16', 'completed'),
(36, 18, '2025-01-31', 'completed'),
(37, 19, '2025-02-21', 'returned'),
(38, 19, '2025-02-02', 'completed'),
(39, 19, '2025-02-14', 'completed'),
(40, 20, '2025-05-02', 'completed'),
(41, 20, '2024-11-30', 'completed'),
(42, 21, '2025-05-15', 'completed'),
(43, 23, '2025-01-14', 'completed'),
(44, 23, '2025-02-11', 'completed'),
(45, 23, '2024-10-28', 'returned'),
(46, 23, '2025-01-03', 'returned'),
(47, 23, '2024-12-08', 'completed'),
(48, 23, '2024-05-31', 'completed'),
(49, 23, '2025-05-12', 'completed'),
(50, 23, '2025-03-26', 'completed'),
(51, 25, '2024-11-17', 'completed'),
(52, 25, '2024-09-15', 'completed'),
(53, 25, '2024-10-03', 'completed'),
(54, 25, '2024-10-31', 'completed'),
(55, 25, '2024-09-09', 'returned'),
(56, 26, '2024-10-31', 'completed'),
(57, 26, '2025-05-07', 'completed'),
(58, 26, '2024-08-30', 'completed'),
(59, 26, '2024-12-18', 'completed'),
(60, 26, '2024-08-24', 'completed'),
(61, 30, '2025-06-25', 'completed'),
(62, 30, '2025-02-22', 'completed'),
(63, 30, '2025-02-18', 'completed'),
(64, 30, '2025-03-30', 'cancelled'),
(65, 31, '2025-03-28', 'completed'),
(66, 31, '2024-09-06', 'completed'),
(67, 32, '2024-09-22', 'returned'),
(68, 32, '2024-09-02', 'completed'),
(69, 33, '2025-04-16', 'completed'),
(70, 35, '2024-09-17', 'completed'),
(71, 35, '2024-09-14', 'completed'),
(72, 35, '2024-10-17', 'completed'),
(73, 36, '2024-06-05', 'completed'),
(74, 36, '2024-04-17', 'completed'),
(75, 37, '2025-05-31', 'completed'),
(76, 37, '2025-05-21', 'completed'),
(77, 38, '2025-04-14', 'completed'),
(78, 38, '2025-05-28', 'completed'),
(79, 39, '2025-04-30', 'completed'),
(80, 40, '2024-08-23', 'completed'),
(81, 40, '2024-08-04', 'completed'),
(82, 40, '2024-08-01', 'completed'),
(83, 41, '2025-05-03', 'completed'),
(84, 41, '2025-06-09', 'cancelled'),
(85, 43, '2024-05-01', 'returned'),
(86, 45, '2025-02-09', 'completed'),
(87, 46, '2024-10-26', 'completed'),
(88, 47, '2024-11-19', 'completed'),
(89, 49, '2024-10-30', 'completed'),
(90, 49, '2024-09-02', 'completed'),
(91, 50, '2025-06-29', 'completed'),
(92, 50, '2025-06-06', 'completed'),
(93, 50, '2025-04-17', 'cancelled'),
(94, 50, '2025-06-23', 'completed'),
(95, 50, '2025-04-10', 'completed'),
(96, 51, '2024-12-31', 'completed'),
(97, 51, '2025-02-18', 'completed'),
(98, 51, '2025-05-21', 'cancelled'),
(99, 52, '2024-06-23', 'completed'),
(100, 52, '2024-02-07', 'completed'),
(101, 52, '2025-01-27', 'completed'),
(102, 52, '2024-12-19', 'completed'),
(103, 52, '2024-06-01', 'completed'),
(104, 53, '2025-06-29', 'completed'),
(105, 53, '2024-06-25', 'completed'),
(106, 53, '2024-09-16', 'completed'),
(107, 53, '2024-07-18', 'cancelled'),
(108, 56, '2024-11-28', 'completed'),
(109, 58, '2025-06-26', 'completed'),
(110, 58, '2025-06-06', 'completed'),
(111, 60, '2024-04-06', 'completed'),
(112, 61, '2025-02-11', 'completed'),
(113, 62, '2024-07-30', 'cancelled'),
(114, 62, '2024-12-06', 'completed'),
(115, 64, '2025-01-14', 'completed'),
(116, 64, '2025-05-28', 'completed'),
(117, 65, '2024-08-12', 'completed'),
(118, 65, '2024-10-29', 'completed'),
(119, 65, '2024-10-10', 'completed'),
(120, 65, '2024-10-06', 'cancelled'),
(121, 66, '2024-11-27', 'completed'),
(122, 66, '2024-07-12', 'cancelled'),
(123, 66, '2024-11-01', 'cancelled'),
(124, 66, '2024-06-02', 'completed'),
(125, 66, '2024-07-13', 'completed'),
(126, 66, '2024-09-12', 'completed'),
(127, 67, '2024-08-24', 'completed'),
(128, 67, '2024-08-03', 'completed'),
(129, 67, '2024-11-02', 'cancelled'),
(130, 68, '2025-05-08', 'completed'),
(131, 69, '2025-04-08', 'returned'),
(132, 69, '2025-05-13', 'completed'),
(133, 71, '2024-12-20', 'completed'),
(134, 71, '2024-05-06', 'completed'),
(135, 72, '2024-11-05', 'returned'),
(136, 73, '2024-04-30', 'completed'),
(137, 73, '2025-01-20', 'completed'),
(138, 74, '2024-12-08', 'returned'),
(139, 75, '2025-03-22', 'returned'),
(140, 75, '2025-06-26', 'completed'),
(141, 76, '2024-09-18', 'completed'),
(142, 76, '2024-10-11', 'completed'),
(143, 76, '2024-11-02', 'completed'),
(144, 77, '2025-06-02', 'returned'),
(145, 78, '2025-02-28', 'completed'),
(146, 81, '2025-01-02', 'completed'),
(147, 83, '2025-01-09', 'returned'),
(148, 83, '2024-11-12', 'completed'),
(149, 85, '2025-05-29', 'completed'),
(150, 85, '2025-02-27', 'completed'),
(151, 85, '2025-03-15', 'completed'),
(152, 85, '2025-02-10', 'completed'),
(153, 85, '2025-01-27', 'completed'),
(154, 86, '2025-04-03', 'completed'),
(155, 86, '2025-06-06', 'completed'),
(156, 87, '2024-11-09', 'completed'),
(157, 88, '2025-05-30', 'completed'),
(158, 89, '2025-03-28', 'completed'),
(159, 89, '2025-05-06', 'returned'),
(160, 90, '2025-05-26', 'completed'),
(161, 90, '2025-03-02', 'completed'),
(162, 90, '2025-05-14', 'completed'),
(163, 92, '2025-06-22', 'completed'),
(164, 93, '2025-04-23', 'cancelled'),
(165, 93, '2024-05-16', 'cancelled'),
(166, 93, '2024-09-17', 'returned'),
(167, 94, '2025-06-13', 'completed'),
(168, 95, '2024-06-09', 'cancelled'),
(169, 95, '2024-05-26', 'completed'),
(170, 98, '2025-01-19', 'completed'),
(171, 98, '2025-02-10', 'completed'),
(172, 98, '2025-02-15', 'cancelled'),
(173, 98, '2024-12-12', 'completed'),
(174, 98, '2024-12-28', 'cancelled'),
(175, 99, '2024-04-26', 'completed'),
(176, 101, '2025-01-01', 'completed'),
(177, 101, '2025-03-10', 'completed'),
(178, 101, '2025-02-17', 'completed'),
(179, 101, '2025-03-23', 'completed'),
(180, 102, '2024-03-27', 'completed'),
(181, 102, '2024-04-19', 'completed'),
(182, 103, '2025-01-27', 'cancelled'),
(183, 103, '2024-12-04', 'completed'),
(184, 104, '2024-03-30', 'completed'),
(185, 104, '2024-05-15', 'completed'),
(186, 104, '2024-04-08', 'completed'),
(187, 104, '2024-04-15', 'completed'),
(188, 104, '2024-03-24', 'completed'),
(189, 104, '2024-03-25', 'completed'),
(190, 104, '2024-05-28', 'completed'),
(191, 104, '2024-05-07', 'completed'),
(192, 106, '2025-02-13', 'cancelled'),
(193, 106, '2025-02-02', 'completed'),
(194, 109, '2025-06-18', 'cancelled'),
(195, 109, '2025-05-27', 'completed'),
(196, 110, '2025-05-12', 'completed'),
(197, 111, '2025-06-08', 'completed'),
(198, 112, '2025-02-16', 'completed'),
(199, 113, '2025-06-20', 'cancelled'),
(200, 115, '2025-03-29', 'completed'),
(201, 115, '2025-05-13', 'completed'),
(202, 116, '2025-02-21', 'cancelled'),
(203, 116, '2025-01-02', 'completed'),
(204, 117, '2025-03-20', 'completed'),
(205, 117, '2024-10-26', 'completed'),
(206, 117, '2024-09-08', 'completed'),
(207, 118, '2025-04-08', 'completed'),
(208, 119, '2025-04-21', 'cancelled'),
(209, 119, '2025-04-17', 'completed'),
(210, 120, '2024-05-10', 'completed'),
(211, 120, '2024-04-03', 'completed'),
(212, 122, '2025-01-20', 'completed'),
(213, 125, '2024-08-24', 'completed'),
(214, 125, '2025-05-19', 'completed'),
(215, 125, '2025-03-06', 'completed'),
(216, 125, '2024-10-28', 'returned'),
(217, 126, '2025-03-13', 'completed'),
(218, 126, '2024-12-31', 'completed'),
(219, 127, '2024-11-03', 'completed'),
(220, 128, '2025-05-14', 'completed'),
(221, 128, '2025-02-28', 'completed'),
(222, 130, '2025-03-19', 'completed'),
(223, 131, '2024-11-10', 'completed'),
(224, 132, '2025-04-04', 'completed'),
(225, 134, '2025-05-27', 'completed'),
(226, 136, '2024-11-02', 'cancelled'),
(227, 138, '2025-06-19', 'completed'),
(228, 139, '2025-05-13', 'completed'),
(229, 140, '2024-03-13', 'completed'),
(230, 140, '2024-04-15', 'completed'),
(231, 141, '2025-05-04', 'completed'),
(232, 143, '2025-06-11', 'completed'),
(233, 146, '2025-03-01', 'completed'),
(234, 146, '2025-04-25', 'completed'),
(235, 146, '2025-03-31', 'completed'),
(236, 147, '2025-03-30', 'returned'),
(237, 148, '2024-08-28', 'completed'),
(238, 148, '2024-07-25', 'completed'),
(239, 148, '2024-07-16', 'completed'),
(240, 149, '2025-04-03', 'returned'),
(241, 149, '2025-02-12', 'completed'),
(242, 149, '2024-11-11', 'completed'),
(243, 150, '2025-05-17', 'completed'),
(244, 150, '2024-10-04', 'completed'),
(245, 150, '2024-09-01', 'completed'),
(246, 150, '2025-03-11', 'completed'),
(247, 150, '2025-04-29', 'completed'),
(248, 150, '2025-06-24', 'completed'),
(249, 151, '2024-08-07', 'completed'),
(250, 152, '2024-10-29', 'completed'),
(251, 152, '2024-10-22', 'completed'),
(252, 153, '2024-04-16', 'returned'),
(253, 153, '2024-03-01', 'completed'),
(254, 153, '2024-04-27', 'completed'),
(255, 153, '2024-04-24', 'completed'),
(256, 153, '2024-05-01', 'completed'),
(257, 153, '2024-04-26', 'completed'),
(258, 153, '2024-03-18', 'completed'),
(259, 153, '2024-02-15', 'completed'),
(260, 154, '2024-08-05', 'completed'),
(261, 154, '2024-08-05', 'cancelled'),
(262, 154, '2024-09-03', 'completed'),
(263, 154, '2024-06-25', 'completed'),
(264, 154, '2024-08-10', 'completed'),
(265, 155, '2024-04-06', 'cancelled'),
(266, 155, '2024-03-26', 'completed'),
(267, 155, '2024-05-15', 'returned'),
(268, 156, '2024-07-19', 'completed'),
(269, 156, '2025-03-09', 'cancelled'),
(270, 156, '2024-07-17', 'completed'),
(271, 156, '2024-06-05', 'completed'),
(272, 157, '2024-10-08', 'completed'),
(273, 158, '2024-02-06', 'completed'),
(274, 158, '2024-04-24', 'completed'),
(275, 158, '2024-03-12', 'completed'),
(276, 158, '2024-02-16', 'cancelled'),
(277, 158, '2024-04-07', 'completed'),
(278, 160, '2025-03-18', 'completed'),
(279, 160, '2025-03-21', 'completed'),
(280, 160, '2024-08-06', 'completed'),
(281, 161, '2025-04-11', 'completed'),
(282, 161, '2024-08-01', 'completed'),
(283, 161, '2025-06-17', 'completed'),
(284, 162, '2025-04-03', 'returned'),
(285, 163, '2024-05-25', 'completed'),
(286, 163, '2024-05-01', 'completed'),
(287, 163, '2024-05-11', 'completed'),
(288, 163, '2024-05-07', 'cancelled'),
(289, 163, '2024-05-07', 'completed'),
(290, 163, '2024-07-20', 'returned'),
(291, 163, '2024-05-10', 'completed'),
(292, 163, '2024-07-17', 'completed'),
(293, 164, '2024-03-14', 'completed'),
(294, 164, '2024-01-31', 'completed'),
(295, 164, '2024-01-24', 'completed'),
(296, 164, '2024-03-11', 'completed'),
(297, 165, '2025-02-02', 'completed'),
(298, 166, '2025-05-08', 'completed'),
(299, 168, '2025-02-22', 'completed'),
(300, 168, '2024-12-14', 'completed'),
(301, 168, '2025-05-28', 'completed'),
(302, 169, '2024-11-27', 'completed'),
(303, 169, '2024-05-30', 'completed'),
(304, 170, '2024-07-14', 'completed'),
(305, 170, '2025-04-28', 'completed'),
(306, 172, '2024-05-31', 'completed'),
(307, 173, '2025-05-11', 'cancelled'),
(308, 173, '2025-05-01', 'completed'),
(309, 174, '2024-07-04', 'returned'),
(310, 174, '2024-07-21', 'completed'),
(311, 174, '2024-07-06', 'completed'),
(312, 176, '2024-11-23', 'completed'),
(313, 176, '2025-02-03', 'completed'),
(314, 176, '2024-11-27', 'completed'),
(315, 176, '2025-01-22', 'completed'),
(316, 176, '2025-01-26', 'completed'),
(317, 179, '2024-11-17', 'returned'),
(318, 181, '2024-10-11', 'completed'),
(319, 181, '2025-05-30', 'completed'),
(320, 181, '2025-03-26', 'completed'),
(321, 181, '2024-04-22', 'completed'),
(322, 181, '2025-05-12', 'completed'),
(323, 181, '2024-04-16', 'cancelled'),
(324, 181, '2025-04-08', 'completed'),
(325, 181, '2024-04-22', 'completed'),
(326, 184, '2025-03-06', 'cancelled'),
(327, 185, '2025-03-03', 'completed'),
(328, 185, '2025-03-31', 'completed'),
(329, 185, '2025-02-12', 'completed'),
(330, 185, '2025-05-04', 'returned'),
(331, 185, '2025-02-17', 'returned'),
(332, 186, '2025-05-04', 'completed'),
(333, 186, '2024-09-15', 'completed'),
(334, 188, '2025-06-05', 'completed'),
(335, 190, '2024-05-10', 'completed'),
(336, 191, '2024-10-23', 'completed'),
(337, 191, '2025-06-06', 'completed'),
(338, 192, '2024-08-14', 'completed'),
(339, 192, '2024-10-20', 'completed'),
(340, 192, '2024-09-16', 'completed'),
(341, 195, '2024-11-03', 'returned'),
(342, 195, '2025-01-03', 'completed'),
(343, 195, '2024-12-16', 'cancelled'),
(344, 195, '2025-01-02', 'returned'),
(345, 196, '2024-10-24', 'completed'),
(346, 196, '2025-03-03', 'completed'),
(347, 196, '2024-11-12', 'completed'),
(348, 196, '2024-08-29', 'cancelled'),
(349, 196, '2024-07-18', 'completed'),
(350, 196, '2024-10-05', 'cancelled'),
(351, 196, '2024-08-29', 'completed'),
(352, 196, '2024-12-19', 'returned'),
(353, 197, '2024-11-17', 'completed'),
(354, 198, '2024-07-12', 'completed'),
(355, 199, '2024-07-08', 'completed'),
(356, 200, '2024-10-22', 'returned');

INSERT INTO order_items (item_id, order_id, product_id, quantity) VALUES
(1, 1, 4, 1),
(2, 1, 2, 2),
(3, 1, 12, 1),
(4, 2, 12, 3),
(5, 2, 10, 3),
(6, 2, 13, 2),
(7, 3, 5, 1),
(8, 3, 1, 3),
(9, 4, 14, 1),
(10, 5, 14, 1),
(11, 5, 8, 2),
(12, 5, 2, 2),
(13, 6, 10, 1),
(14, 6, 15, 3),
(15, 6, 13, 2),
(16, 6, 14, 2),
(17, 7, 5, 3),
(18, 7, 10, 3),
(19, 7, 14, 1),
(20, 7, 1, 1),
(21, 8, 3, 1),
(22, 8, 9, 1),
(23, 9, 12, 1),
(24, 9, 10, 1),
(25, 9, 8, 2),
(26, 9, 5, 3),
(27, 10, 7, 3),
(28, 10, 2, 1),
(29, 11, 2, 1),
(30, 11, 1, 2),
(31, 12, 8, 3),
(32, 13, 9, 2),
(33, 13, 15, 1),
(34, 13, 8, 3),
(35, 14, 13, 3),
(36, 15, 13, 1),
(37, 16, 6, 3),
(38, 16, 7, 1),
(39, 16, 15, 1),
(40, 16, 13, 2),
(41, 17, 11, 3),
(42, 17, 7, 1),
(43, 17, 13, 2),
(44, 18, 6, 2),
(45, 18, 2, 3),
(46, 18, 13, 1),
(47, 19, 4, 3),
(48, 20, 11, 1),
(49, 20, 8, 2),
(50, 20, 13, 3),
(51, 20, 1, 1),
(52, 21, 1, 3),
(53, 22, 9, 2),
(54, 22, 1, 1),
(55, 22, 15, 1),
(56, 23, 11, 1),
(57, 24, 9, 3),
(58, 24, 3, 3),
(59, 24, 7, 3),
(60, 24, 4, 1),
(61, 25, 6, 1),
(62, 25, 13, 2),
(63, 25, 9, 3),
(64, 25, 5, 2),
(65, 26, 9, 3),
(66, 26, 8, 3),
(67, 26, 6, 2),
(68, 26, 13, 2),
(69, 27, 10, 1),
(70, 27, 7, 2),
(71, 28, 12, 3),
(72, 28, 13, 3),
(73, 28, 7, 1),
(74, 28, 14, 2),
(75, 29, 14, 1),
(76, 29, 2, 3),
(77, 29, 8, 2),
(78, 30, 6, 2),
(79, 30, 10, 3),
(80, 30, 12, 1),
(81, 31, 6, 3),
(82, 31, 11, 1),
(83, 31, 12, 3),
(84, 31, 8, 1),
(85, 32, 12, 2),
(86, 32, 2, 1),
(87, 33, 12, 1),
(88, 33, 5, 1),
(89, 34, 6, 1),
(90, 34, 15, 1),
(91, 34, 7, 3),
(92, 35, 10, 3),
(93, 35, 11, 1),
(94, 35, 4, 1),
(95, 35, 8, 2),
(96, 36, 11, 2),
(97, 36, 1, 2),
(98, 36, 13, 3),
(99, 37, 11, 2),
(100, 37, 7, 2),
(101, 37, 12, 2),
(102, 38, 2, 2),
(103, 38, 4, 3),
(104, 38, 7, 2),
(105, 38, 10, 3),
(106, 39, 5, 3),
(107, 39, 1, 1),
(108, 39, 10, 3),
(109, 39, 11, 3),
(110, 40, 4, 3),
(111, 40, 11, 2),
(112, 40, 15, 3),
(113, 41, 13, 3),
(114, 41, 8, 2),
(115, 41, 1, 3),
(116, 42, 4, 3),
(117, 42, 3, 2),
(118, 43, 2, 3),
(119, 43, 3, 3),
(120, 43, 13, 3),
(121, 43, 4, 2),
(122, 44, 1, 2),
(123, 44, 5, 2),
(124, 44, 9, 3),
(125, 44, 2, 3),
(126, 45, 14, 3),
(127, 45, 11, 1),
(128, 45, 6, 2),
(129, 45, 2, 1),
(130, 46, 11, 3),
(131, 46, 2, 2),
(132, 47, 1, 2),
(133, 47, 15, 2),
(134, 48, 15, 1),
(135, 48, 9, 2),
(136, 49, 10, 2),
(137, 49, 12, 3),
(138, 49, 14, 1),
(139, 49, 3, 2),
(140, 50, 12, 2),
(141, 51, 7, 2),
(142, 52, 2, 3),
(143, 52, 11, 3),
(144, 52, 4, 1),
(145, 52, 14, 1),
(146, 53, 13, 1),
(147, 53, 10, 1),
(148, 54, 14, 1),
(149, 54, 15, 2),
(150, 55, 5, 1),
(151, 56, 3, 1),
(152, 57, 1, 1),
(153, 57, 3, 1),
(154, 57, 5, 3),
(155, 58, 8, 3),
(156, 58, 13, 1),
(157, 58, 6, 2),
(158, 58, 9, 3),
(159, 59, 8, 1),
(160, 59, 11, 2),
(161, 59, 1, 2),
(162, 60, 2, 1),
(163, 60, 15, 1),
(164, 60, 6, 1),
(165, 60, 10, 2),
(166, 61, 15, 2),
(167, 61, 4, 2),
(168, 61, 7, 2),
(169, 61, 6, 3),
(170, 62, 6, 1),
(171, 62, 11, 3),
(172, 62, 5, 2),
(173, 62, 15, 1),
(174, 63, 7, 1),
(175, 64, 10, 3),
(176, 65, 14, 3),
(177, 65, 12, 2),
(178, 65, 1, 2),
(179, 65, 5, 1),
(180, 66, 4, 3),
(181, 66, 14, 2),
(182, 66, 2, 1),
(183, 66, 6, 2),
(184, 67, 1, 3),
(185, 67, 3, 2),
(186, 67, 5, 2),
(187, 68, 10, 2),
(188, 68, 11, 1),
(189, 69, 7, 2),
(190, 69, 15, 2),
(191, 70, 3, 3),
(192, 70, 13, 1),
(193, 71, 11, 2),
(194, 71, 7, 2),
(195, 71, 8, 2),
(196, 71, 10, 1),
(197, 72, 2, 3),
(198, 72, 5, 2),
(199, 72, 11, 3),
(200, 72, 13, 3),
(201, 73, 4, 2),
(202, 74, 5, 1),
(203, 74, 6, 2),
(204, 74, 2, 3),
(205, 75, 2, 1),
(206, 75, 7, 2),
(207, 75, 12, 1),
(208, 76, 10, 2),
(209, 76, 7, 3),
(210, 76, 15, 3),
(211, 77, 13, 2),
(212, 77, 10, 3),
(213, 78, 14, 3),
(214, 78, 2, 2),
(215, 78, 4, 3),
(216, 78, 7, 1),
(217, 79, 2, 3),
(218, 79, 9, 1),
(219, 80, 4, 1),
(220, 80, 2, 2),
(221, 81, 13, 3),
(222, 81, 15, 1),
(223, 82, 13, 2),
(224, 82, 10, 3),
(225, 82, 15, 3),
(226, 82, 14, 3),
(227, 83, 2, 2),
(228, 83, 8, 2),
(229, 83, 14, 3),
(230, 83, 11, 1),
(231, 84, 5, 2),
(232, 85, 8, 1),
(233, 85, 10, 2),
(234, 85, 9, 3),
(235, 85, 12, 3),
(236, 86, 9, 3),
(237, 87, 6, 2),
(238, 87, 15, 2),
(239, 88, 6, 1),
(240, 89, 11, 2),
(241, 89, 12, 1),
(242, 89, 15, 3),
(243, 90, 11, 3),
(244, 90, 13, 3),
(245, 90, 6, 3),
(246, 90, 3, 3),
(247, 91, 1, 1),
(248, 91, 6, 1),
(249, 91, 5, 2),
(250, 92, 3, 1),
(251, 92, 15, 2),
(252, 93, 11, 2),
(253, 94, 3, 3),
(254, 94, 15, 1),
(255, 94, 14, 3),
(256, 94, 12, 2),
(257, 95, 11, 2),
(258, 95, 12, 3),
(259, 95, 4, 2),
(260, 96, 15, 3),
(261, 96, 14, 3),
(262, 96, 4, 2),
(263, 96, 6, 2),
(264, 97, 3, 1),
(265, 97, 14, 2),
(266, 97, 4, 1),
(267, 97, 10, 3),
(268, 98, 12, 3),
(269, 99, 15, 1),
(270, 99, 9, 1),
(271, 99, 3, 2),
(272, 99, 7, 2),
(273, 100, 7, 3),
(274, 101, 2, 2),
(275, 101, 6, 1),
(276, 101, 4, 3),
(277, 101, 1, 3),
(278, 102, 5, 2),
(279, 103, 10, 2),
(280, 103, 1, 1),
(281, 103, 2, 1),
(282, 103, 14, 3),
(283, 104, 4, 1),
(284, 104, 5, 1),
(285, 104, 2, 2),
(286, 105, 10, 3),
(287, 105, 9, 3),
(288, 105, 1, 1),
(289, 105, 11, 3),
(290, 106, 1, 3),
(291, 106, 10, 2),
(292, 106, 6, 1),
(293, 106, 4, 3),
(294, 107, 2, 3),
(295, 107, 9, 3),
(296, 107, 14, 3),
(297, 108, 3, 3),
(298, 108, 1, 2),
(299, 108, 6, 3),
(300, 109, 5, 1),
(301, 110, 6, 2),
(302, 111, 2, 2),
(303, 111, 13, 2),
(304, 111, 6, 3),
(305, 112, 6, 1),
(306, 112, 13, 3),
(307, 112, 9, 2),
(308, 112, 5, 1),
(309, 113, 6, 2),
(310, 113, 2, 3),
(311, 113, 14, 2),
(312, 114, 12, 2),
(313, 114, 8, 2),
(314, 115, 11, 3),
(315, 116, 1, 3),
(316, 116, 3, 3),
(317, 117, 6, 1),
(318, 117, 7, 3),
(319, 117, 10, 1),
(320, 118, 6, 1),
(321, 118, 8, 3),
(322, 118, 13, 1),
(323, 119, 6, 1),
(324, 119, 11, 1),
(325, 119, 5, 3),
(326, 119, 4, 1),
(327, 120, 15, 2),
(328, 120, 9, 3),
(329, 120, 2, 2),
(330, 120, 5, 1),
(331, 121, 3, 3),
(332, 121, 12, 2),
(333, 121, 8, 3),
(334, 121, 2, 2),
(335, 122, 15, 3),
(336, 122, 5, 3),
(337, 122, 3, 3),
(338, 123, 2, 1),
(339, 123, 4, 1),
(340, 124, 8, 1),
(341, 124, 13, 3),
(342, 124, 9, 1),
(343, 125, 12, 2),
(344, 125, 15, 2),
(345, 125, 8, 3),
(346, 125, 9, 1),
(347, 126, 8, 2),
(348, 127, 9, 3),
(349, 127, 14, 1),
(350, 127, 1, 2),
(351, 127, 2, 1),
(352, 128, 6, 2),
(353, 128, 9, 1),
(354, 129, 3, 3),
(355, 129, 11, 3),
(356, 129, 5, 1),
(357, 130, 14, 1),
(358, 130, 10, 1),
(359, 130, 1, 1),
(360, 131, 10, 3),
(361, 131, 11, 3),
(362, 131, 1, 2),
(363, 131, 8, 3),
(364, 132, 8, 1),
(365, 132, 2, 1),
(366, 132, 12, 2),
(367, 133, 9, 2),
(368, 133, 15, 1),
(369, 133, 2, 2),
(370, 134, 4, 2),
(371, 134, 3, 2),
(372, 134, 2, 3),
(373, 134, 1, 2),
(374, 135, 4, 2),
(375, 135, 13, 3),
(376, 135, 3, 2),
(377, 136, 9, 3),
(378, 136, 8, 2),
(379, 136, 4, 1),
(380, 136, 13, 1),
(381, 137, 5, 2),
(382, 137, 9, 1),
(383, 137, 1, 2),
(384, 137, 2, 3),
(385, 138, 6, 2),
(386, 138, 9, 1),
(387, 139, 3, 1),
(388, 140, 13, 3),
(389, 140, 3, 3),
(390, 140, 4, 2),
(391, 141, 9, 3),
(392, 141, 8, 1),
(393, 141, 3, 2),
(394, 141, 10, 3),
(395, 142, 10, 2),
(396, 142, 12, 3),
(397, 142, 5, 3),
(398, 142, 15, 3),
(399, 143, 14, 3),
(400, 143, 1, 1),
(401, 143, 6, 2),
(402, 143, 13, 3),
(403, 144, 5, 3),
(404, 144, 11, 1),
(405, 144, 13, 3),
(406, 144, 10, 1),
(407, 145, 1, 3),
(408, 145, 10, 1),
(409, 146, 9, 3),
(410, 146, 6, 2),
(411, 147, 4, 2),
(412, 147, 15, 1),
(413, 147, 5, 2),
(414, 147, 9, 2),
(415, 148, 8, 3),
(416, 148, 6, 2),
(417, 148, 9, 2),
(418, 149, 1, 1),
(419, 149, 5, 2),
(420, 149, 12, 2),
(421, 150, 4, 3),
(422, 150, 14, 2),
(423, 151, 10, 3),
(424, 152, 11, 3),
(425, 153, 2, 2),
(426, 154, 7, 2),
(427, 154, 11, 2),
(428, 155, 5, 1),
(429, 155, 11, 3),
(430, 155, 1, 3),
(431, 156, 15, 2),
(432, 156, 14, 2),
(433, 156, 3, 1),
(434, 156, 1, 3),
(435, 157, 10, 2),
(436, 157, 15, 2),
(437, 157, 2, 2),
(438, 158, 12, 2),
(439, 159, 3, 3),
(440, 159, 10, 2),
(441, 160, 3, 2),
(442, 160, 8, 1),
(443, 161, 4, 2),
(444, 161, 8, 2),
(445, 161, 13, 3),
(446, 161, 5, 3),
(447, 162, 11, 1),
(448, 162, 6, 1),
(449, 162, 12, 3),
(450, 163, 10, 1),
(451, 163, 4, 2),
(452, 163, 14, 1),
(453, 164, 13, 1),
(454, 164, 9, 1),
(455, 164, 15, 3),
(456, 164, 11, 3),
(457, 165, 9, 3),
(458, 165, 12, 1),
(459, 165, 6, 1),
(460, 165, 2, 3),
(461, 166, 3, 3),
(462, 166, 6, 2),
(463, 167, 15, 3),
(464, 168, 8, 2),
(465, 168, 10, 3),
(466, 168, 1, 2),
(467, 168, 9, 3),
(468, 169, 14, 1),
(469, 169, 1, 3),
(470, 169, 12, 1),
(471, 170, 7, 1),
(472, 170, 3, 3),
(473, 170, 13, 3),
(474, 171, 15, 2),
(475, 171, 7, 2),
(476, 171, 8, 1),
(477, 172, 11, 2),
(478, 172, 14, 1),
(479, 173, 12, 1),
(480, 173, 4, 1),
(481, 174, 9, 2),
(482, 174, 7, 2),
(483, 174, 4, 1),
(484, 174, 13, 2),
(485, 175, 10, 1),
(486, 175, 13, 1),
(487, 175, 1, 1),
(488, 175, 4, 3),
(489, 176, 4, 1),
(490, 176, 9, 3),
(491, 176, 15, 2),
(492, 176, 1, 1),
(493, 177, 4, 3),
(494, 177, 5, 3),
(495, 177, 3, 1),
(496, 178, 1, 3),
(497, 178, 9, 1),
(498, 178, 10, 3),
(499, 179, 1, 2),
(500, 179, 6, 3),
(501, 179, 11, 2),
(502, 179, 13, 3),
(503, 180, 4, 3),
(504, 180, 14, 1),
(505, 180, 15, 2),
(506, 180, 5, 1),
(507, 181, 9, 1),
(508, 181, 15, 2),
(509, 181, 3, 1),
(510, 181, 7, 2),
(511, 182, 1, 2),
(512, 182, 5, 3),
(513, 183, 8, 2),
(514, 183, 4, 2),
(515, 184, 15, 3),
(516, 184, 4, 1),
(517, 184, 12, 2),
(518, 184, 10, 1),
(519, 185, 7, 3),
(520, 185, 8, 2),
(521, 185, 9, 2),
(522, 186, 8, 2),
(523, 186, 2, 2),
(524, 186, 13, 1),
(525, 186, 12, 2),
(526, 187, 10, 1),
(527, 188, 9, 3),
(528, 188, 10, 2),
(529, 188, 14, 2),
(530, 189, 4, 1),
(531, 189, 7, 2),
(532, 189, 10, 3),
(533, 190, 13, 3),
(534, 190, 14, 3),
(535, 190, 8, 3),
(536, 191, 12, 2),
(537, 191, 13, 1),
(538, 192, 14, 1),
(539, 193, 3, 1),
(540, 193, 14, 3),
(541, 193, 11, 1),
(542, 193, 4, 1),
(543, 194, 1, 3),
(544, 194, 9, 2),
(545, 194, 12, 1),
(546, 195, 4, 3),
(547, 195, 15, 3),
(548, 196, 7, 1),
(549, 196, 8, 3),
(550, 196, 10, 1),
(551, 197, 7, 2),
(552, 198, 8, 2),
(553, 199, 4, 1),
(554, 200, 1, 1),
(555, 200, 4, 3),
(556, 200, 10, 2),
(557, 201, 10, 3),
(558, 201, 4, 2),
(559, 202, 1, 1),
(560, 202, 2, 1),
(561, 202, 7, 2),
(562, 203, 8, 2),
(563, 203, 4, 2),
(564, 203, 6, 1),
(565, 203, 9, 3),
(566, 204, 2, 2),
(567, 205, 12, 2),
(568, 205, 7, 2),
(569, 206, 5, 2),
(570, 207, 7, 3),
(571, 207, 8, 3),
(572, 208, 10, 3),
(573, 209, 5, 2),
(574, 210, 11, 1),
(575, 210, 7, 1),
(576, 211, 8, 1),
(577, 211, 3, 2),
(578, 211, 2, 2),
(579, 212, 8, 1),
(580, 212, 2, 2),
(581, 213, 10, 2),
(582, 213, 12, 2),
(583, 213, 4, 1),
(584, 214, 12, 2),
(585, 214, 15, 3),
(586, 214, 11, 1),
(587, 215, 14, 2),
(588, 215, 13, 1),
(589, 215, 7, 3),
(590, 216, 11, 3),
(591, 216, 13, 1),
(592, 217, 14, 2),
(593, 217, 12, 3),
(594, 217, 2, 2),
(595, 218, 11, 2),
(596, 218, 3, 2),
(597, 218, 12, 1),
(598, 219, 3, 1),
(599, 219, 11, 3),
(600, 219, 10, 3),
(601, 220, 1, 1),
(602, 221, 8, 2),
(603, 221, 6, 2),
(604, 222, 6, 2),
(605, 222, 5, 2),
(606, 223, 2, 3),
(607, 223, 5, 1),
(608, 223, 1, 1),
(609, 224, 9, 2),
(610, 224, 3, 3),
(611, 225, 8, 2),
(612, 225, 10, 2),
(613, 226, 6, 1),
(614, 226, 15, 2),
(615, 227, 14, 1),
(616, 227, 8, 3),
(617, 227, 10, 3),
(618, 228, 2, 1),
(619, 228, 4, 1),
(620, 228, 5, 2),
(621, 229, 8, 3),
(622, 229, 11, 3),
(623, 230, 8, 1),
(624, 230, 5, 1),
(625, 231, 8, 1),
(626, 232, 13, 1),
(627, 233, 9, 1),
(628, 233, 14, 3),
(629, 233, 13, 2),
(630, 234, 2, 2),
(631, 234, 12, 1),
(632, 234, 11, 2),
(633, 234, 4, 2),
(634, 235, 14, 1),
(635, 235, 2, 3),
(636, 235, 13, 3),
(637, 235, 4, 3),
(638, 236, 13, 1),
(639, 236, 4, 1),
(640, 237, 5, 3),
(641, 237, 10, 3),
(642, 237, 15, 1),
(643, 238, 5, 3),
(644, 239, 3, 2),
(645, 239, 12, 1),
(646, 240, 11, 2),
(647, 240, 7, 1),
(648, 240, 14, 3),
(649, 241, 12, 2),
(650, 241, 6, 2),
(651, 241, 8, 3),
(652, 242, 11, 1),
(653, 242, 15, 3),
(654, 242, 12, 2),
(655, 242, 6, 1),
(656, 243, 6, 1),
(657, 243, 9, 3),
(658, 243, 10, 2),
(659, 244, 11, 2),
(660, 245, 8, 1),
(661, 245, 15, 2),
(662, 246, 3, 1),
(663, 246, 14, 3),
(664, 246, 5, 2),
(665, 247, 11, 1),
(666, 247, 15, 2),
(667, 247, 3, 3),
(668, 248, 11, 1),
(669, 248, 2, 1),
(670, 248, 12, 2),
(671, 248, 14, 1),
(672, 249, 1, 3),
(673, 250, 2, 3),
(674, 250, 4, 1),
(675, 250, 7, 1),
(676, 250, 15, 2),
(677, 251, 7, 1),
(678, 251, 13, 3),
(679, 252, 10, 3),
(680, 253, 12, 3),
(681, 253, 4, 1),
(682, 253, 11, 2),
(683, 254, 2, 1),
(684, 254, 15, 1),
(685, 255, 7, 1),
(686, 255, 6, 1),
(687, 255, 13, 2),
(688, 256, 9, 3),
(689, 256, 10, 3),
(690, 257, 14, 3),
(691, 258, 12, 2),
(692, 258, 7, 3),
(693, 259, 7, 3),
(694, 259, 2, 3),
(695, 259, 4, 1),
(696, 259, 8, 3),
(697, 260, 7, 3),
(698, 260, 14, 2),
(699, 261, 13, 1),
(700, 261, 8, 1),
(701, 262, 5, 1),
(702, 263, 9, 3),
(703, 263, 5, 2),
(704, 263, 11, 2),
(705, 263, 12, 3),
(706, 264, 5, 2),
(707, 264, 2, 1),
(708, 265, 7, 3),
(709, 265, 10, 3),
(710, 265, 11, 3),
(711, 266, 12, 1),
(712, 266, 14, 1),
(713, 266, 4, 2),
(714, 266, 1, 1),
(715, 267, 5, 3),
(716, 268, 12, 1),
(717, 268, 1, 2),
(718, 269, 3, 3),
(719, 269, 6, 2),
(720, 269, 15, 3),
(721, 270, 13, 3),
(722, 270, 7, 1),
(723, 270, 5, 2),
(724, 271, 9, 3),
(725, 271, 6, 1),
(726, 271, 1, 2),
(727, 271, 8, 1),
(728, 272, 12, 1),
(729, 272, 9, 1),
(730, 273, 7, 1),
(731, 273, 3, 3),
(732, 273, 14, 3),
(733, 274, 6, 2),
(734, 274, 4, 3),
(735, 275, 10, 2),
(736, 276, 3, 1),
(737, 277, 2, 2),
(738, 277, 8, 1),
(739, 277, 5, 3),
(740, 277, 13, 2),
(741, 278, 10, 1),
(742, 278, 8, 3),
(743, 278, 13, 3),
(744, 279, 15, 2),
(745, 280, 11, 1),
(746, 280, 14, 2),
(747, 280, 12, 1),
(748, 281, 9, 2),
(749, 281, 4, 2),
(750, 282, 2, 3),
(751, 282, 1, 2),
(752, 282, 4, 3),
(753, 283, 10, 1),
(754, 284, 7, 3),
(755, 285, 12, 2),
(756, 285, 14, 2),
(757, 285, 15, 2),
(758, 285, 6, 1),
(759, 286, 13, 3),
(760, 286, 15, 1),
(761, 287, 8, 2),
(762, 287, 15, 2),
(763, 288, 13, 2),
(764, 288, 4, 2),
(765, 288, 8, 2),
(766, 289, 13, 2),
(767, 289, 11, 3),
(768, 290, 4, 2),
(769, 291, 6, 3),
(770, 291, 7, 1),
(771, 292, 14, 2),
(772, 292, 3, 2),
(773, 292, 1, 3),
(774, 293, 2, 1),
(775, 293, 1, 1),
(776, 294, 6, 1),
(777, 294, 11, 3),
(778, 294, 14, 3),
(779, 294, 13, 2),
(780, 295, 4, 3),
(781, 296, 15, 2),
(782, 297, 14, 1),
(783, 297, 12, 2),
(784, 297, 7, 3),
(785, 297, 8, 2),
(786, 298, 8, 3),
(787, 298, 3, 3),
(788, 298, 1, 3),
(789, 299, 3, 3),
(790, 299, 7, 1),
(791, 299, 4, 3),
(792, 299, 11, 3),
(793, 300, 9, 3),
(794, 300, 13, 3),
(795, 300, 8, 2),
(796, 300, 6, 2),
(797, 301, 10, 2),
(798, 301, 4, 1),
(799, 301, 1, 2),
(800, 302, 11, 2),
(801, 302, 4, 3),
(802, 303, 6, 1),
(803, 303, 14, 3),
(804, 303, 3, 2),
(805, 303, 13, 3),
(806, 304, 10, 2),
(807, 304, 4, 3),
(808, 305, 1, 3),
(809, 305, 2, 1),
(810, 305, 15, 1),
(811, 305, 4, 3),
(812, 306, 1, 1),
(813, 307, 2, 3),
(814, 307, 6, 2),
(815, 307, 12, 3),
(816, 308, 6, 3),
(817, 308, 3, 2),
(818, 308, 14, 3),
(819, 309, 4, 1),
(820, 309, 11, 2),
(821, 309, 10, 2),
(822, 310, 3, 1),
(823, 310, 12, 3),
(824, 311, 3, 3),
(825, 312, 11, 3),
(826, 312, 2, 3),
(827, 313, 1, 3),
(828, 313, 5, 1),
(829, 313, 4, 2),
(830, 313, 13, 2),
(831, 314, 8, 2),
(832, 314, 12, 2),
(833, 314, 7, 2),
(834, 314, 3, 2),
(835, 315, 14, 2),
(836, 316, 8, 1),
(837, 316, 2, 2),
(838, 317, 12, 1),
(839, 317, 1, 3),
(840, 317, 7, 2),
(841, 317, 11, 1),
(842, 318, 4, 2),
(843, 318, 2, 3),
(844, 318, 1, 3),
(845, 319, 6, 1),
(846, 320, 14, 3),
(847, 320, 11, 2),
(848, 320, 15, 1),
(849, 321, 3, 2),
(850, 321, 11, 1),
(851, 322, 13, 2),
(852, 322, 7, 3),
(853, 322, 8, 2),
(854, 323, 3, 1),
(855, 323, 6, 2),
(856, 323, 7, 1),
(857, 323, 14, 2),
(858, 324, 4, 3),
(859, 324, 14, 1),
(860, 324, 5, 1),
(861, 325, 13, 3),
(862, 325, 9, 1),
(863, 325, 7, 3),
(864, 326, 2, 2),
(865, 326, 13, 1),
(866, 327, 1, 1),
(867, 327, 7, 3),
(868, 328, 14, 2),
(869, 328, 10, 2),
(870, 329, 9, 2),
(871, 329, 7, 3),
(872, 329, 15, 2),
(873, 329, 6, 1),
(874, 330, 2, 3),
(875, 330, 7, 3),
(876, 330, 3, 3),
(877, 330, 13, 1),
(878, 331, 13, 2),
(879, 332, 10, 1),
(880, 332, 15, 2),
(881, 332, 8, 2),
(882, 332, 1, 1),
(883, 333, 12, 3),
(884, 333, 4, 2),
(885, 333, 1, 2),
(886, 334, 5, 2),
(887, 334, 12, 2),
(888, 335, 14, 1),
(889, 335, 1, 1),
(890, 335, 9, 2),
(891, 336, 15, 1),
(892, 336, 14, 1),
(893, 337, 1, 2),
(894, 337, 6, 2),
(895, 337, 12, 2),
(896, 337, 4, 3),
(897, 338, 8, 1),
(898, 338, 10, 2),
(899, 338, 15, 3),
(900, 339, 3, 3),
(901, 339, 14, 3),
(902, 339, 5, 1),
(903, 340, 1, 1),
(904, 340, 3, 3),
(905, 340, 10, 1),
(906, 340, 4, 3),
(907, 341, 4, 2),
(908, 342, 7, 2),
(909, 342, 15, 2),
(910, 342, 6, 1),
(911, 343, 10, 3),
(912, 343, 2, 2),
(913, 343, 1, 3),
(914, 343, 9, 3),
(915, 344, 5, 2),
(916, 344, 11, 1),
(917, 344, 2, 2),
(918, 345, 4, 1),
(919, 345, 3, 1),
(920, 345, 9, 3),
(921, 346, 12, 3),
(922, 346, 1, 2),
(923, 347, 7, 3),
(924, 347, 12, 3),
(925, 347, 1, 1),
(926, 347, 10, 2),
(927, 348, 15, 2),
(928, 348, 11, 1),
(929, 348, 6, 3),
(930, 348, 9, 3),
(931, 349, 8, 1),
(932, 350, 11, 3),
(933, 350, 6, 1),
(934, 351, 12, 2),
(935, 351, 14, 2),
(936, 352, 8, 2),
(937, 352, 14, 1),
(938, 352, 2, 3),
(939, 353, 14, 3),
(940, 354, 6, 3),
(941, 354, 7, 2),
(942, 355, 6, 3),
(943, 355, 11, 1),
(944, 355, 3, 1),
(945, 355, 15, 2),
(946, 356, 8, 1),
(947, 356, 13, 1);
